county,lon,lat
Snohomish,-122.0981847,47.91287560000001
Cook,-93.0731852,44.9751402
Orange,-117.8531007,33.7879139
Maricopa,-112.4291464,33.2917968
Los Angeles,-118.2436849,34.0522342
Santa Clara,-121.9552356,37.3541079
Suffolk,-76.5835621,36.7282054
San Francisco,-122.4194155,37.7749295
Dane,-89.5015088,43.2505472
San Diego,-117.1610838,32.715738
Bexar,-98.5721016,29.4200763
Douglas,-91.75768889999999,46.3490012
Humboldt,-123.8695086,40.7450055
Sacramento,-121.4943996,38.5815719
Solano,-121.9017954,38.3104969
Spokane,-117.4260465,47.6587802
Salt Lake,-111.8910474,40.7607793
Marin,-122.7633036,38.083403
Napa,-95.9373265,36.7567292
Sonoma,-122.4580356,38.291859
Washington,-120.7401385,47.7510741
King,-121.9836029,47.5480339
Alameda,-122.2821855,37.7798721
Hillsborough,-82.3017728,27.9903597
Manatee,-82.34518899999999,27.4799195
New York City,-74.0059728,40.7127753
Unknown,-80.8575444,35.2205194
Placer,-120.8039474,39.0915751
San Mateo,-122.3255254,37.5629917
Fulton,-84.3962535,33.8033965
Norfolk,-76.28587259999999,36.8507689
Grafton,-71.6856236,42.2070391
Walla Walla,-118.3430208,46.0645809
Contra Costa,-121.9017954,37.8534093
Wake,-80.2791958,36.1355052
Bergen,-74.07701,40.9262762
Westchester,-73.7948516,41.1220194
Fort Bend,-95.81428849999999,29.5692614
Chelan,-120.0168079,47.8408323
Jefferson,-95.76257129999999,37.1095843
Santa Rosa,-122.7140548,38.440429
Montgomery,-86.3077368,32.3792233
Middlesex,-71.2874209,42.467206
Clark,-74.3127631,40.6278031
Washoe,-119.6035495,40.5608387
Nassau,-77.3503609,25.0443312
Williamson,-77.1861277,43.2239229
Harris,-95.3102505,29.7751825
Pinal,-111.2845025,32.8162061
Yolo,-80.1397279,26.1196393
Denver,-104.990251,39.7392358
Eagle,-95.97388889999999,36.1563889
El Paso,-106.4850217,31.7618778
Broward,-80.365865,26.190096
Lee,-83.30042159999999,30.4196584
Polk,-81.6911559,27.8617347
Honolulu,-157.8583333,21.3069444
Marion,-82.00927449999999,35.6840131
Fayette,-87.8308522,33.6845539
Ramsey,-74.1409771,41.0573188
Camden,-75.1196199,39.9259463
Rockland,-73.98300290000002,41.1489458
Chatham,-69.95976639999999,41.6820897
Tulsa,-95.99277500000001,36.1539816
Delaware,-75.52766989999999,38.9108325
Wayne,-74.2765441,40.92537249999999
Charleston,-79.93105120000001,32.7764749
Kershaw,-80.5836836,34.5518201
Davis,-121.7405167,38.5449065
Pierce,-118.5790603,34.1844981
Fresno,-119.7871247,36.7377981
Madera,-120.0607176,36.9613356
Riverside,-117.3754942,33.9806005
Santa Cruz,-122.0307963,36.9741171
District of Columbia,-77.0368707,38.9071923
Charlotte,-80.8431267,35.2270869
Okaloosa,-86.6611083,30.57734009999999
Volusia,-81.0754657,29.0279842
Cobb,-97.7222616,30.3786341
Gwinnett,-84.01674229999999,33.9190653
Johnson,-95.991851,36.294711
Berkshire,-1.1853677,51.4669939
St. Louis,-90.19940419999999,38.6270025
Rockingham,-79.7739457,34.9393201
Saratoga,-73.6300729,43.0448483
Jackson,-90.1848103,32.2987573
Klamath,-124.0384069,41.5265092
Bennington,-73.1967741,42.8781345
Fairfax,-77.30637329999999,38.84622359999999
Kittitas,-120.931941,47.17495479999999
Fairfield,-73.2612615,41.1408363
Cherokee,-95.62580729999999,36.9825777
Hendricks,-94.5784111,38.9560542
Harrison,-74.1562551,40.7464901
Harford,-76.3637285,39.5838964
Worcester,-71.8022934,42.2625932
Carver,-95.9851291,36.1759479
Passaic,-74.1284764,40.8567662
Ulster,-6.9612273,54.7616555
Spartanburg,-81.9320482,34.9495672
Davidson,-80.8446725,35.5008018
Shelby,-81.5356463,35.2923513
Kitsap,-122.6412583,47.6476607
Pima,-106.5780424,35.1041349
Shasta,-122.4907566,40.598119
Arapahoe,-104.332644,39.62031
Larimer,-105.5943388,40.6955572
DeKalb,-88.75036469999999,41.9294736
Floyd,-83.0359166,42.3490538
Noble,-95.97794999999999,36.7519895
Pottawattamie,-95.4777811,41.3911501
Prince George's,-76.8720961,38.78492110000001
Hudson,-73.790959,42.2528649
Monmouth,-90.64735759999999,40.9114271
Union,-95.620221,37.034684
Cuyahoga,-81.67582,41.433923
Monroe,-83.3977101,41.9164343
Collin,-96.49297969999999,33.1795213
Virginia Beach city,-75.97798499999999,36.8529263
San Joaquin,-121.1710389,37.9175935
Ventura,-119.2945199,34.2804923
Gunnison,-106.9253207,38.5458246
Alachua,-82.49442260000001,29.7938144
Collier,-81.42789839999999,26.069985
Pasco,-119.0922316,46.2305049
Pinellas,-82.7778579,27.876394
Charlton,-71.970074,42.13565
Kane,-74.045,40.2366667
McHenry,-88.2667534,42.333355
Adams,-111.9256071,41.09492290000001
Boone,-81.6745517,36.216795
Orleans,1.909251,47.902964
Essex,-70.7829315,42.63195820000001
Oakland,-122.2711639,37.8043514
Anoka,-93.3871758,45.1977428
Burlington,-95.91991159999999,36.135688
Multnomah,-122.5863211,45.5145659
Philadelphia,-75.1652215,39.9525839
Beadle,-99.12394499999999,45.0351261
Charles Mix,-98.3964938,43.0985109
Davison,-83.5180063,43.0347491
Minnehaha,-93.21100059999999,44.9153307
Sullivan,-94.212857,36.3545045
Dallas,-96.79698789999999,32.7766642
Tarrant,-97.35165579999999,32.7732044
Weber,-95.97547960000001,36.1071562
Loudoun,-77.6536125,39.076767
Skagit,-121.7114362,48.4241961
Whatcom,-122.4938545,48.7952623
Stanislaus,-120.9876321,37.5090711
Pitkin,-106.8178377,39.159101
New Castle,-75.5668166,39.6620397
Miami-Dade,-80.6326916,25.5516034
St. Johns,-95.97999569999999,36.7451602
Bartow,-81.8431374,27.8964147
Lowndes,-81.369722,28.544795
Lake,-95.69116230000002,37.1628255
Howard,-77.0194377,38.9226843
St. Joseph,-75.5453699,39.7451471
Caddo,-93.9737925,32.7565316
Baltimore,-76.6121893,39.2903848
Olmsted,-73.9687778,40.67715829999999
Forrest,-88.4111647,40.7519792
Bernalillo,-106.5511369,35.30004
Santa Fe,-105.937799,35.6869752
Socorro,-106.8914159,34.0583995
Ward,-95.80261019999999,37.123889
Stark,-81.2518833,40.8684676
Deschutes,-79.9393534,37.2705897
Linn,-91.85045149999999,38.4858749
Umatilla,-119.3425179,45.9173549
Bucks,-94.39549029999999,36.8222434
Lancaster,-76.3055144,40.0378755
Bon Homme,-97.87216,42.9814835
Gregg,-94.8520636,32.4892547
Chittenden,-72.9428417,43.7271064
Arlington,-97.10806559999999,32.735687
Island,-74.016792,40.68945009999999
Thurston,-122.7695986,46.8645747
Fond du Lac,-88.4470508,43.7730448
Waukesha,-88.2314813,43.0116784
Sheridan,-94.99744609999999,37.256152
Anchorage,-149.9002778,61.2180556
Pulaski,-80.7797935,37.0478982
Tulare,-119.3473379,36.2077288
Litchfield,-73.1887165,41.7472642
Clay,-94.4932455,37.083014
Duval,-81.6035062,30.3500511
Palm Beach,-80.0364297,26.7056206
Sarasota,-82.53065269999999,27.3364347
Seminole,-81.20781640000001,28.7131688
Carroll,-96.72516399999999,43.5442882
Wyandotte,-83.14992389999999,42.21420639999999
Androscoggin,-70.17070369999999,44.19124160000001
Ingham,-84.3542049,42.6468943
Kent,-122.2348432,47.3809335
Montcalm,-85.1894045,43.3057341
St. Clair,-82.486024,42.8208653
Washtenaw,-83.8473015,42.3076493
Dakota,-101.0020119,47.5514926
Hennepin,-93.5094574,45.0208911
Stearns,-89.6073423,42.65639609999999
Greene,-83.8897057,39.697399
Cass,-97.12155790000001,47.071168
Carson City,-119.7674034,39.1637984
Morris,-95.9188889,45.5919444
Albany,-73.7562317,42.6525793
Dutchess,-73.7477857,41.7784372
Herkimer,-74.9859889,43.0256259
Cabarrus,-80.5882803,35.4168123
Forsyth,-84.14351359999999,34.2358502
Johnston,-93.7130493,41.6709834
Mecklenburg,-80.8543847,35.2632655
Onslow,-77.4701972,34.6540094
Trumbull,-73.2006639,41.2428563
Clackamas,-122.5703692,45.4076205
Northampton,-72.64120129999999,42.3250896
Pike,-118.1934178,33.7651357
Knox,-112.094475,33.682969
Alexandria city,-77.0469214,38.8048355
Hanover,-72.2895526,43.7022451
James City,-76.8028933,37.3002132
Prince Edward,-78.39939369999999,37.2663902
Prince William,-77.6077865,38.7838939
Columbia,-81.0348144,34.0007104
Grays Harbor,-123.7012468,46.9953526
Yakima,-120.5058987,46.6020711
Elmore,-86.3149712,32.5387448
Limestone,-95.7491501,36.3159295
Tuscaloosa,-87.56917349999999,33.2098407
San Benito,-97.6311006,26.132576
Clear Creek,-95.1015225,29.55224329999999
Pueblo,-104.6091409,38.2544472
Routt,-107.1011931,40.4771623
Summit,-94.84275269999999,38.9145719
Weld,-104.7158226,40.3920718
Osceola,-81.0754657,28.1019838
Gordon,-96.99059179999999,37.5886301
Henry,-95.712891,37.09024
Ada,-89.97999999999999,38.52
Butler,-96.882999,37.807307
St. Charles,-90.4974359,38.7881062
St. Tammany,-89.9253233,30.4357418
Terrebonne,-73.63311019999999,45.6929818
Cumberland,-81.4505294,30.8659411
Anne Arundel,-76.5488232,38.9530109
Charles,-95.7163087,37.2252588
Bay,-95.712891,37.09024
Charlevoix,-85.2584004,45.3180632
Leelanau,-86.07336339999999,45.0821226
Macomb,-82.92864279999999,42.6651965
Wright,-95.61610259999999,37.037021
Copiah,-90.37483540000001,31.9012453
Leflore,-94.9818513,34.8984359
Pearl River,-89.6734256,30.3928842
Gallatin,-86.4466599,36.3883809
Lewis and Clark,-95.85025209999999,36.15118289999999
Silver Bow,-112.5843056,45.8804293
Yellowstone,-110.588455,44.427963
Ocean,-73.5443128,40.9086156
Schenectady,-73.9395687,42.8142432
Oklahoma,-97.5164276,35.4675602
Chester,-75.3557457,39.849557
McCook,-100.6248741,40.1966701
Hamilton,-96.19513200000002,37.9426096
Rutherford,-74.10680909999999,40.826489
Bell,-95.6426791,37.0341181
Galveston,-94.7976958,29.3013479
Smith,-96.3227547,36.6676258
Travis,-95.86462639999999,36.0848646
Harrisonburg city,-78.8689155,38.4495688
Grant,-96.0699872,37.1247826
Milwaukee,-87.9064736,43.0389025
Racine,-87.78285230000002,42.7261309
Sheboygan,-87.71453,43.7508284
Fremont,-121.988583,37.5485396
Baldwin,-95.2009909,38.7747055
Graham,-79.4005756,36.0690258
San Luis Obispo,-120.6596156,35.2827524
Boulder,-105.2705456,40.0149856
Mesa,-111.8314724,33.4151843
Hartford,-72.6733723,41.7658043
New Haven,-72.9278835,41.308274
Coweta,-95.65081400000001,35.9517674
Kauai,-159.5261238,22.0964396
Blaine,-93.23494889999999,45.1607987
Teton,-110.6314491,43.853632
DuPage,-88.0900762,41.8243831
Sangamon,-89.62516459999999,39.7337353
Woodford,-104.7185363,38.8626403
LaPorte,-86.7227195,41.611143
Wells,-94.72510319999999,38.956878
Franklin,-86.8688899,35.9250637
Bourbon,-95.6431144,37.0361508
Nelson,-93.7446595,36.3964017
Bossier,-93.66232389999999,32.7551322
Lafourche,-90.52578229999999,29.6952295
St. John the Baptist,-97.47903099999999,35.644872
Barnstable,-70.3002024,41.7003208
Bristol,-2.58791,51.454513
Renville,-95.2116731,44.7891264
Missoula,-113.9940314,46.8721284
Mercer,-83.64977689999999,32.8288186
Sandoval,-89.11423429999999,38.6156043
Broome,-75.9088549,42.1348799
Tioga,-77.1330265,41.9086848
Tompkins,-94.782471,38.9065821
Brunswick,10.5267696,52.2688736
Craven,-77.0564464,35.0877672
Harnett,-78.8835548,35.35786480000001
Belmont,-86.7941702,36.1329081
Lorain,-82.1823746,41.452819
Tuscarawas,-81.42789839999999,40.3978972
Allegheny,-80.0087746,40.4450813
Beaufort,-80.6698286,32.4315813
Lexington,-84.5037164,38.0405837
Campbell,-121.9499568,37.2871651
Brazoria,-95.5691126,29.0444147
Hays,-99.3267702,38.8791783
Windsor,-122.8163802,38.5471327
Chesterfield,-90.5770675,38.6631083
Spotsylvania,-77.6077865,38.204165
Klickitat,-121.1525716,45.81706680000001
Winnebago,-93.63665859999999,43.2539952
Garland,-96.63888329999999,32.912624
Saline,-83.7816075,42.1667072
San Bernardino,-117.2897652,34.1083449
Santa Barbara,-119.6981901,34.4208305
Garfield,-99.2448316,38.0777924
Baker,-91.16816299999999,30.5882429
Citrus,-76.0484709,36.8443259
Clarke,-90.690021,42.5091288
Clayton,-78.4563914,35.650711
Dougherty,-84.2278796,31.5439375
Newton,-71.20922139999999,42.3370413
Maui,-156.3319253,20.7983626
Clinton,-93.7782689,38.3686324
Whiteside,-89.8505012,41.7605503
Allamakee,-91.44346900000001,43.2430754
St. Bernard,-89.3226954,29.879791
Lincoln,-94.4235482,35.949526
Baltimore city,-76.6121893,39.2903848
Hampden,-76.632607,39.33337059999999
Plymouth,-70.6672621,41.9584457
Ottawa,-75.69719309999999,45.4215296
Waseca,-93.50838429999999,44.0770411
Hinds,-90.37483540000001,32.2648353
Erie,-80.085059,42.12922409999999
Putnam,-71.8689917,41.90460119999999
Watauga,-97.25473710000001,32.8579056
Wilson,-77.9155395,35.7212689
Lucas,-96.5766577,33.0842854
Medina,39.5691841,24.5246542
Cleveland,-81.6943605,41.49932
Kay,-95.94946619999999,36.7408613
Payne,-97.0623234,36.1153437
Yamhill,-123.1878238,45.3415045
Lehigh,-75.3775187,40.6048687
Luzerne,-75.9927652,41.1404353
Anderson,-85.6802541,40.1053196
Greenville,-82.3940104,34.85261759999999
Horry,-78.9288242,33.9196567
Denton,-97.13306829999999,33.2148412
Utah,-111.0937311,39.3209801
Lewis,-94.1473378,36.1119558
Fairbanks North Star Borough,-146.4744154,64.9526102
Cleburne,-97.38668369999999,32.3476438
Desha,-91.44346900000001,33.8773585
Nevada,-116.419389,38.8026097
Escambia,-87.3413599,30.6389408
Hall,-95.7060279,37.2272306
Paulding,-84.8984775,33.9142037
Troup,-85.02334599999999,33.0698575
Peoria,-89.5889864,40.6936488
Will,-96.15803079999999,36.5578832
Bartholomew,-90.0386982,30.0272619
Ascension,-94.697836,38.899545
Frederick,-77.4105409,39.41426879999999
Talbot,-95.96414299999999,36.132575
Benton,-88.92006850000001,37.9967163
Blue Earth,-93.9878427,43.9505132
Hancock,-87.6229168,41.8987699
Hunterdon,-74.92087719999999,40.56695149999999
Somerset,-79.0780831,40.008411
Allegany,-78.6114999,39.6255251
Onondaga,-76.17837390000001,43.026819
Ontario,-85.323214,51.253775
Durham,-78.898619,35.9940329
Geauga,-81.20781640000001,41.4641521
Canadian,-106.346771,56.130366
Sevier,-83.5070203,35.8271682
Bowie,-76.77913649999999,39.0067768
Matagorda,-95.96827139999999,28.691133
Tooele,-112.29828,40.53077760000001
Wasatch,-111.5116469,41.2816391
Stafford,-77.4083086,38.4220687
York,-76.727745,39.9625984
Outagamie,-88.4016041,44.4636545
Wood,-95.7075031,37.233067
Madison,-89.4012302,43.0730517
Ketchikan Gateway Borough,-131.389286,55.5103345
Navajo,-109.1880047,36.0672173
Kern,-118.8596804,35.4937274
Monterey,-121.8946761,36.6002378
Sussex,-88.2220372,43.1338972
Brevard,-82.7342919,35.2334472
Richmond,-77.4360481,37.5407246
Whitfield,-93.62439239999999,41.5862394
Hawaii,-155.5827818,19.8967662
Adair,-92.3765782,40.2522575
Black Hawk,-105.4938853,39.7969322
Ford,-95.9357936,36.7239436
Lyon,4.835659,45.764043
East Baton Rouge,-91.09693999999999,30.5693593
Kennebec,-99.8617833,43.903602
Oxford,-1.2577263,51.7520209
Otsego,-93.5913501,45.2741314
Martin,-95.7163087,37.2252588
Nicollet,-94.18746329999999,44.2760774
Cole,-95.9500363,36.0199331
Sarpy,-96.19513200000002,41.0744042
Gloucester,-70.6619888,42.6159285
Warren,-95.80987510000001,35.9913167
Taos,-105.5730665,36.4072485
Rensselaer,-73.55941279999999,42.673664
Wyoming,-107.2902839,43.0759678
Iredell,-80.89865019999999,35.8310501
Sampson,-78.3842227,34.9197548
Burleigh,153.436,-28.104
Coshocton,-81.8595756,40.2720151
Darke,-84.68974949999999,40.1056572
Mahoning,-80.7214417,40.9871753
Pawnee,-96.8039232,36.3378321
Lane,-122.6618227,43.9610092
Beaver,-112.6410518,38.2769149
Calhoun,-86.94927799999999,34.647351
Richland,-96.7284847,32.9214283
Brazos,-96.3226072,30.6504141
Ellis,-74.0395587,40.6994748
Lubbock,-101.8551665,33.5778631
Charlottesville city,-78.47667810000002,38.0293059
Goochland,-77.885374,37.6841421
Henrico,-77.3324425,37.5059332
Williamsburg city,-76.7074571,37.2707022
Mason,-84.309939,39.3600586
Kenosha,-87.82118539999999,42.5847425
Laramie,-105.5911007,41.3113669
Park,-95.6431662,37.064236
Talladega,-86.1058048,33.4359416
Kenai Peninsula Borough,-151.382264,60.0858486
Coconino,-111.4752851,35.6647545
Bradley,-89.6153484,40.6977743
Faulkner,-77.0410883,40.2423237
Mendocino,-123.79945910000001,39.3076744
Yuma,-114.6276916,32.6926512
Leon,-5.5670959,42.5987263
Sumter,-80.3414693,33.9204354
Walton,-90.1923789,32.3433291
Houston,-95.3698028,29.7604267
Twin Falls,-114.4700518,42.5558381
Kankakee,-87.8611531,41.1200325
Kendall,-80.357827,25.6660336
LaSalle,-75.1566354,40.0386037
Jennings,-90.26039030000001,38.7192175
Winneshiek,-91.9099238,43.2362611
Leavenworth,-120.6614765,47.5962326
Kenton,-83.60965159999999,40.6469982
Penobscot,-68.7111394,44.4645202
Rice,-95.9037475,36.1007073
Bolivar,-93.4104749,37.6144838
Coahoma,-90.52315610000001,34.3667731
DeSoto,-96.8570738,32.5896998
Perry,-84.05453899999999,40.687053
St. Louis city,-90.19940419999999,38.6270025
Belknap,-71.4073938,43.5024246
Merrimack,-71.49483219999999,42.8678693
Atlantic,-95.893333,36.192442
Chenango,-75.62080879999999,42.4972314
Livingston,-74.3300842,40.7862871
Gaston,-81.20781640000001,35.2895651
Guilford,-79.8296743,36.0899873
Hoke,-79.1495183,35.0209173
Moore,-97.48670279999999,35.3395079
New Hanover,-77.88245959999999,34.2154913
Morton,-95.98140769999999,36.1743875
Ashland,-122.7094767,42.1945758
Huron,-82.55517329999999,41.3950489
Miami,-80.1917902,25.7616798
Berks,-75.9927652,40.3451566
Lackawanna,-75.5742467,41.4421199
Cheatham,-96.6866967,33.1229672
Robertson,-96.49297969999999,31.0080004
Sumner,-122.2403966,47.2031566
Lavaca,-94.1732635,35.3362015
McLennan,-97.179026,31.5182285
Rusk,-95.15022139999999,31.7960064
Webb,-84.11529379999999,35.9219967
Wichita,-97.33005299999999,37.68717609999999
Box Elder,-103.0682323,44.1124877
Cache,-92.2656793,34.7473705
Charles City,-92.6724112,43.0663612
Richmond city,-77.4360481,37.5407246
Brown,-71.4025482,41.8267718
La Crosse,-91.25190169999999,43.8137751
Chambers,-95.70632119999999,37.2296194
Mobile,-95.971779,36.749859
Walker,-95.712891,37.09024
Yavapai,-112.4291464,34.6463981
Craighead,-90.6773046,35.8260959
Crittenden,-84.60324039999999,38.7845959
Independence,-94.41550679999999,39.0911161
Poinsett,-80.5482823,33.8044625
Pope,-84.452545,34.0243489
Searcy,-91.73368459999999,35.2468204
Sebastian,-80.4706078,27.816415
Van Buren,-94.34826799999999,35.436756
Crowley,-97.3625172,32.5790251
Grand,-95.6386069,36.7018231
Morgan,-76.5843847,39.3437959
Tolland,-72.3686931,41.8714865
Windham,-74.2520875,42.3073065
Hernando,-82.4752757,28.5578826
Indian River,-80.54384499999999,27.6947732
Bibb,-83.7199136,32.7865735
Early,-98.94560519999999,31.742096
Effingham,-88.5433829,39.1200418
Glynn,-81.6035062,31.2624169
Laurens,-82.0142597,34.4990116
Peach,-122.3337872,47.5993278
Rockdale,-97.00137439999999,30.6554759
Owen,-94.11970389999999,36.1521778
Tippecanoe,-86.8220341,40.34697310000001
Dubuque,-90.66546749999999,42.50226610000001
Muscatine,-91.0432051,41.424473
Sedgwick,-94.66502419999999,38.9253705
Christian,-95.82172500000001,37.033614
Daviess,-87.10237459999999,37.7307984
Henderson,-114.9817213,36.0395247
Scott,-95.6393167,37.0412191
Assumption,-90.35998649999999,38.5001433
Calcasieu,-93.33889169999999,30.2089286
Iberia,-74.16172209999999,40.73148279999999
Iberville,-79.00833800000001,48.234831
Lafayette,-92.0198427,30.2240897
Plaquemines,-89.4742177,29.3240045
St. James,-74.2124199,40.9049866
St. Landry,-92.0665197,30.6036535
Webster,-90.34376669999999,38.5892883
West Baton Rouge,-91.3276422,30.4751202
Calvert,-95.9641652,36.1341659
Wicomico,-75.667356,38.3941813
Hampshire,-1.3080629,51.05769480000001
Eaton,-79.3806994,43.6544382
Genesee,-87.8309146,42.3626457
Midland,-102.0779146,31.9973456
Mower,-95.6156498,37.0148298
Holmes,-95.9768136,36.0978472
Jones,-95.61812030000002,37.035199
Walthall,-90.11206960000001,31.125165
Wilkinson,-94.31515929999999,37.1541515
Winston,-97.44406699999999,35.220252
Yazoo,-90.4128126,32.8758053
Broadwater,-102.8519059,41.5971285
Flathead,-114.15315,48.424152
Roosevelt,-95.631607,37.0369856
Nemaha,-95.6730453,40.3383347
Elko,-115.7631232,40.8324211
Cape May,-74.90600529999999,38.9351125
San Miguel,-100.745235,20.9144491
Schoharie,-74.3095787,42.6659087
Custer,-103.5988057,43.7666507
Grady,-84.3819669,33.7517652
Logan,-71.0095602,42.3656132
McClain,-97.4814163,35.0282316
Lebanon,35.862285,33.854721
Westmoreland,-79.4703885,40.2353963
Abbeville,-82.3790147,34.1781719
Dorchester,-71.067605,42.30163049999999
Saluda,-82.3492839,35.2362264
Dyer,-87.52170679999999,41.4942021
Cameron,-71.42335,41.8295425
Crane,-95.6352855,37.0321072
DeWitt,-84.56914870000001,42.842256
Van Zandt,-97.7391114,30.2600521
Clallam,-124.016766,48.0405122
Monongalia,-79.96403389999999,39.6695849
Tucker,-84.2171424,33.8545479
Bayfield,-90.81824,46.8107671
Calumet,-98.11866649999999,35.6011602
Eau Claire,-91.4984941,44.811349
Ozaukee,-87.6186379,43.3819496
Sauk,-89.9253233,43.4066375
Walworth,-88.5995456,42.5311279
Cullman,-86.8436124,34.1748208
Lamar,-95.9402658,36.1188009
Lauderdale,-80.13731740000001,26.1224386
Amador,-121.8739141,37.6679098
Imperial,-117.9533958,33.9144579
Broomfield,-105.0866504,39.9205411
New London,-72.0995209,41.3556539
Dawson,-95.95014839999999,36.0198752
Heard,-96.615741,33.158261
Miller,-88.43278149999999,44.25596729999999
Muscogee,-84.8984775,32.4794133
Oconee,-83.4430118,33.8231988
Pickens,-82.7073573,34.8834489
Randolph,-71.042551,42.1619739
Spalding,-96.35562089999999,42.4806722
Terrell,-96.2752569,32.7359626
Tift,-83.54965659999999,31.4205597
Turner,-122.9528708,44.8431766
Worth,-87.79727539999999,41.6897548
Bingham,-111.9464736,40.5637801
Canyon,-95.4405294,36.8214734
Kootenai,-116.6222056,47.7568407
McLean,-77.1772604,38.9338676
Allen,-96.67055030000002,33.1031744
Vanderburgh,-87.5426332,38.0116379
Vigo,-73.99364039999999,40.7448556
Reno,-119.8138027,39.5296329
Riley,-96.8308436,39.29888529999999
Calloway,-96.7342717,33.0215912
Catahoula,-91.708889,30.214444
De Soto,-94.96857829999999,38.9791709
Rapides,-92.539603,31.1461104
Tangipahoa,-90.5120391,30.8760151
Chisago,-92.9550305,45.524828
Fillmore,-75.1350602,39.9655615
Humphreys,-116.213974,43.614458
Lawrence,-95.2352501,38.9716689
Marshall,-96.005218,36.056901
Rankin,-101.9379085,31.2226477
Tippah,-88.86469799999999,34.76880970000001
Dunklin,-90.380585,38.2675669
Kansas City,-94.5785667,39.0997265
Buffalo,-78.8783689,42.88644679999999
Nye,-92.58047979999999,45.3144076
Cheshire,-2.6103158,53.23263439999999
Do√±a Ana,-106.7234639,32.485767
McKinley,-94.4910697,37.0846412
Niagara,-79.07416289999999,43.0828162
Oneida,-75.65129309999999,43.0925684
Carteret,-74.2282005,40.5773266
Pasquotank,-76.317414,36.2927068
Pitt,-79.960835,40.4443533
Rowan,-75.11827339999999,39.7089194
Stanly,-80.23213129999999,35.30145540000001
Ashtabula,-80.7898089,41.8650534
Columbiana,-80.69396429999999,40.88839309999999
Garvin,-74.201332,40.7598496
Centre,-77.8367282,40.8765649
Potter,-90.3860387,38.77123
Aiken,-81.7195533,33.5604168
Berkeley,-122.273042,37.8715226
Clarendon,-100.8881993,34.9378289
Darlington,-79.8761741,34.2998762
Florence,11.2558136,43.7695604
Orangeburg,-80.8556476,33.4918203
Blount,-94.68847319999999,39.2799374
Dickson,-87.3877899,36.0770048
Hamblen,-83.2891325,36.2121551
Maury,-73.5401795,41.0510901
Tipton,-86.04109799999999,40.2822598
Fannin,-84.2278796,34.8580405
Hockley,-95.8458562,30.026861
Upshur,-94.976654,32.7099747
Addison,-96.82916850000001,32.96179
Rutland,-72.9726065,43.6106237
Accomack,-75.8069082,37.7063323
Newport News city,-76.4730122,37.0870821
Norfolk city,-76.28587259999999,36.8507689
Portsmouth city,-76.2982742,36.8354258
Cowlitz,-122.7746902,46.1746472
San Juan,-66.1057355,18.4655394
Stevens,-74.0248269,40.7450708
Kanawha,-81.42789839999999,38.2556905
Chippewa,-97.3313866,32.7422646
Dunn,-78.6089028,35.3062743
Green,-95.712891,37.09024
Marathon,-78.78013039999999,42.7951262
Rock,-95.98034899999999,36.75260400000001
St. Croix,-64.83479919999999,17.7245968
Natrona,-106.912251,42.8313837
Apache,-95.939945,36.191509
Cochise,-109.9211756,32.1139688
Butte,-112.5347775,46.0038232
El Dorado,-96.8869965,37.8167564
Siskiyou,-122.5770126,41.7743261
Yuba,-73.9900389,40.73049169999999
Chaffee,-119.606695,46.2601337
Elbert,-104.5371508,39.2194678
Hinsdale,-87.9370052,41.8008642
Montrose,-107.8761738,38.4783198
Highlands,-4.2263955,57.4595749
St. Lucie,-80.54384499999999,27.3225563
Lumpkin,-84.7990901,32.0509895
Elkhart,-85.9766671,41.6819935
Story,-94.6312511,39.002052
Spencer,-95.88014109999999,36.06320470000001
Avoyelles,-92.0665197,30.9711824
Beauregard,-93.33889169999999,30.7611484
Bienville,-92.98043740000001,32.3568222
Claiborne,-90.9438468,31.9438205
Evangeline,-90.0652628,29.9541862
Ouachita,-94.5004891,34.5003918
St. Mary,-79.7691176,36.0648563
Sagadahoc,-69.7825531,43.8171265
Caroline,-94.513367,37.079206
Nantucket,-70.099451,41.2834704
Allegan,-85.8553031,42.5291989
Barry,-91.03902459999999,39.6942134
Berrien,-86.7416374,42.0320742
Clare,-84.7686281,43.8194703
Saginaw,-83.9508068,43.4194699
Tuscola,-88.28310379999999,39.7991985
Wexford,-6.4633381,52.336916
Dodge,-95.933731,36.700097
Steele,-99.91593809999999,46.85470650000001
Wabasha,-92.0236059,44.3754518
Attala,-89.62516459999999,33.1683267
George,-95.6393782,37.0360361
Grenada,-61.67899999999999,12.1165
Itawamba,-88.4016041,34.2317882
Leake,-89.4742177,32.8073509
Panola,-94.3564504,32.1560799
Simpson,-77.5695839,39.0902332
Tunica,-90.3828769,34.6845455
Bates,-70.2021865,44.1057216
Jasper,-86.9311094,38.3914418
Cascade,-84.4339871,42.2295065
Ravalli,-114.1817423,46.0174639
Strafford,-84.3677053,33.792211
Lea,-73.968,40.6394194
Steuben,-105.077266,39.802352
Buncombe,-82.4752757,35.59313770000001
Catawba,-81.07563449999999,35.70735579999999
Clermont,-81.77285429999999,28.5494447
Defiance,-84.3557802,41.2844933
Licking,-91.8570984,37.4994884
Josephine,-86.78905549999999,36.1267656
Montour,-80.1190013,40.4674907
Dillon,-106.0433518,39.6302643
Edgefield,-122.4071889,45.53734679999999
Greenwood,-86.10665259999999,39.6136578
Marlboro,-71.5522874,42.3459271
Newberry,-81.6187178,34.2745833
Cocke,-83.12200740000002,35.9359517
Roane,-84.56414699999999,35.836117
Bastrop,-97.3152701,30.1104947
Castro,-122.4350043,37.7609082
Deaf Smith,-102.5298028,35.0017354
Oldham,-2.1113659,53.5409298
Albemarle,-80.2000578,35.3501426
Botetourt,-79.7848422,37.5774613
Isle of Wight,-1.304734,50.69384789999999
Suffolk city,-76.5835621,36.7282054
Carbon,-87.668643,41.89637099999999
Bradford,-78.649163,41.9564953
Flagler,-81.31489719999999,29.8926844
Barrow,-95.9195026,36.0727771
Butts,-91.1562501,37.9958787
Chattooga,-83.1976834,34.9430903
Clinch,-95.85400539999999,36.280167
Coffee,-95.70699789999999,37.2261671
Tattnall,-83.7207753,32.8916356
Twiggs,-117.1465914,32.7608456
Valley,-94.64744739999999,36.835068
Champaign,-88.2433829,40.1164204
Jo Daviess,-90.2244662,42.3148804
Rock Island,-90.5787476,41.5094771
Stephenson,-81.3269791,37.5800558
Ripley,-96.9055843,36.0178366
Cerro Gordo,-117.791744,36.5393799
Kossuth,-88.6458856,34.8720349
Poweshiek,-92.539603,41.6530119
Sioux,-97.8286368,42.7131134
Tama,-92.576753,41.9627392
Woodbury,-74.1059775,41.3645382
Mitchell,-98.0297992,43.7094283
Breathitt,-83.33618799999999,37.5359616
Hardin,-107.6120314,45.7324778
Jessamine,-84.56414699999999,37.895573
Acadia,-68.2733346,44.3385559
Cecil,-75.94632399999999,39.5739403
St. Mary's,-79.7691176,36.0648563
Emmet,-93.4704521,33.7262253
Gladwin,-84.48640069999999,43.9808549
Grand Traverse,-85.52002399999999,44.687984
Roscommon,-8.189095499999999,53.6275906
Le Sueur,-93.9113634,44.4598517
Chickasaw,-88.0747222,30.7637991
Oktibbeha,-88.90306,33.3886689
Pontotoc,-88.998673,34.2478831
Sunflower,-95.6170016,37.03579209999999
Tate,-95.9766258,36.7523542
Salem,-70.8967155,42.51954
Cortland,-76.1804843,42.6011813
St. Lawrence,-95.25656889999999,38.9578056
Davie,-80.25211569999999,26.0764783
Granville,-118.255375,34.1449828
Nash,-94.9863378,37.1200838
Robeson,-79.1096901,34.6383858
Scotland,-4.2026458,56.49067119999999
Gallia,-82.34518899999999,38.8619254
Portage,-87.1761455,41.5758707
Muskogee,-95.3696909,35.7478769
Dauphin,-76.9310859,40.3673093
Schuylkill,-75.7361028,40.2616522
Colleton,-80.7214417,32.8242297
Gibson,-95.6276367,37.0358271
Loudon,-84.3338112,35.7328541
McMinn,-84.6479124,35.4037048
Amherst,-72.5198537,42.3732216
Bedford,-97.1430671,32.844017
Culpeper,-77.9962512,38.4729632
Fluvanna,-78.24761459999999,37.8532863
Louisa,-78.00416489999999,38.0251394
Whitman,-117.0051343,46.4111297
Tallapoosa,-85.2880077,33.7445499
Juneau City and Borough,-134.4197221,58.301944399999996
Matanuska-Susitna Borough,-150.1729153,62.2599347
La Plata,-57.95356570000001,-34.9204948
Teller,-92.3276743,38.9513513
Burke,-77.27165049999999,38.7934466
Catoosa,-95.74581700000002,36.188987
Liberty,-95.5947005,37.1556278
Dubois,-78.7583257,41.1210115
Wapello,-91.1854273,41.18141929999999
Natchitoches,-93.08627489999999,31.7607195
St. Martin,-63.0500809,18.0708298
Garrett,-95.6393167,37.0412191
Queen Anne's,-70.9197343,42.1971995
Kalamazoo,-85.5872286,42.2917069
Muskegon,-86.24839209999999,43.2341813
Newaygo,-85.80005059999999,43.4197429
Big Stone,-96.4724,45.4932045
Lac qui Parle,-96.2006981,45.0562676
Sherburne,-93.7298983,45.4644612
Tallahatchie,-90.1678618,33.5440088
Callaway,-97.7434763,30.2848721
Moniteau,-79.8994983,41.06311789999999
St. Francois,-90.4879916,37.7652755
Taney,-76.6063285,39.2853726
Chaves,-7.470604599999999,41.7410586
Cayuga,-76.7263397,42.9189555
Oswego,-76.5104973,43.4553461
Alamance,-79.48585489999999,36.0351361
Vance,-94.8411496,36.8703518
Walsh,-83.1471631,42.5738914
Sandusky,-82.71168209999999,41.4561754
Hood River,-121.528087,45.7067985
Cambria,-96.99561299999999,32.9444961
Georgetown,-77.07225849999999,38.9076089
Codington,-77.9170135,34.16629
Hughes,-95.93410860000002,36.7886515
Lyman,-72.7203447,41.583189
Pennington,-86.84105679999999,34.1396903
Iron,-95.62416069999999,37.0308532
Danville city,-79.39502279999999,36.5859718
Rockbridge,-92.4090511,36.7895034
Autauga,-86.49965460000001,32.5791817
Conway,-92.4421011,35.0886963
Crawford,-94.9143239,37.5153954
Cross,-94.1993583,36.0757284
Hempstead,-73.6187397,40.7062128
Hot Spring,-93.0423545,34.5216915
Stone,-95.84496299999999,36.2067298
White,-95.6393166,37.0412191
Woodruff,-85.3288661,41.5733834
Calaveras,-120.6805037,38.1960477
Merced,-120.4829677,37.3021632
Mono,-93.2980084,44.9498979
Delta,-97.3238396,37.6718787
Huerfano,-104.9388853,37.6125984
Ben Hill,-83.2608947,31.7420801
Bryan,-96.3699632,30.6743643
Colquitt,-84.7332527,31.17129349999999
Crisp,-80.1415998,26.1218826
Irwin,-79.70115489999999,40.3245138
Macon,-83.6324022,32.8406946
Meriwether,-112.7609059,48.60636700000001
Stephens,-92.3220946,38.9515442
Telfair,-95.6544646,29.59333659999999
Bannock,-79.3811111,43.6519444
Cassia,-118.4936106,34.0194533
Grundy,-82.0990223,37.2778886
Dearborn,-83.17631449999999,42.3222599
Decatur,-84.2963123,33.7748275
Ohio,-82.90712300000001,40.4172871
Porter,-95.68017239999999,37.4176935
Starke,-82.1098275,29.9441298
Warrick,-87.2618328,38.0736703
Buchanan,-121.8885116,37.9992485
Cedar,-95.63630649999999,37.0896461
Doniphan,-90.82345509999999,36.6208917
Pottawatomie,-95.1223608,38.4363446
Woodson,-77.2762546,38.8400233
McCracken,-88.7108964,37.03306070000001
Menifee,-117.185294,33.6971468
Muhlenberg,-75.5101316,40.597544
Vernon,-118.230073,34.003903
Waldo,-94.5919007,38.9938949
Hillsdale,-84.6305101,41.9200472
Isabella,-90.4580556,30.4905556
Kalkaska,-85.18422269999999,44.7352042
Lapeer,-83.31883409999999,43.0514161
Manistee,-86.324253,44.2444473
Choctaw,-96.41260799999999,33.9517085
Noxubee,-88.55653099999999,33.1605608
Cape Girardeau,-89.51814759999999,37.3058839
Pemiscot,-89.81303559999999,36.2195399
Saunders,-95.8803898,36.4538414
Cibola,-106.663487,35.204445
Curry,-94.2100722,36.3468861
Chemung,-76.6238369,42.00840729999999
Transylvania,25.2223974,46.1840561
Highland,-95.27158639999999,39.85998800000001
Mayes,-122.4204437,37.7883035
Wagoner,-95.36941159999999,35.9595442
Clatsop,-123.7653042,46.0210796
Armstrong,-97.05000369999999,36.1641795
Clearfield,-112.0260538,41.1107771
Juniata,-78.01589779999999,40.5001397
Brookings,-96.79838769999999,44.3113573
Overton,-94.9785515,32.2745983
Weakley,-88.7108964,36.3428865
Comal,-98.2212979,29.8105572
Falls,-96.26805100000001,37.1472694
Grayson,-95.8727725,35.5031598
Hidalgo,-98.2630684,26.1003547
Nueces,-97.4814163,27.7693351
Parker,-94.5024145,37.0787447
Victoria,-97.0035982,28.8052674
Caledonia,-85.5166864,42.7891985
Chesapeake city,-75.8074367,39.530946
Halifax,-63.5727683,44.6475811
Preston,-80.4297453,37.2298479
Sweetwater,-94.26577089999999,36.8267349
Chilton,-88.16287849999999,44.0288803
Colbert,-96.5024916,33.8531568
Etowah,-84.56422889999999,34.1161551
Russell,-98.8598061,38.8952893
Wilcox,-95.15413389999999,36.6386937
Drew,-95.712891,37.09024
Inyo,-117.5495846,36.3091865
Sutter,-121.6739371,39.0219764
Otero,-98.4893486,29.4394727
Gadsden,-86.0066386,34.014264
Long,-95.9347172,36.7468516
Taylor,-95.6352855,37.0321072
Thomas,-95.2337797,37.34085
Ware,-72.2398566,42.2598457
Wilkes,-75.8883633,41.2449585
Idaho,-114.7420408,44.0682019
Nez Perce,-116.3759765,46.2915578
Payette,-116.9337711,44.0782195
Rush,-87.6674637,41.8747917
Neosho,-94.36799599999999,36.8689554
Shawnee,-96.9253004,35.3272928
Laurel,-76.8483061,39.0992752
McCreary,-84.4802606,36.6973499
Jefferson Davis,-83.3866864,31.6645513
Morehouse,-84.415528,33.7473412
Winn,-82.4369188,27.1079598
Dukes,-86.7510787,36.1779189
Iosco,-84.0801613,42.5354041
Lenawee,-84.01674229999999,41.8433859
Luce,-93.1502369,44.946881
Marquette,-87.92856669999999,43.0388337
Sanilac,-82.7347142,43.4069041
Goodhue,-92.623802799999993,44.4005221
Winona,-91.6663523,44.0553908
Amite,-90.50898149999999,30.7265747
Prentiss,-89.8670229,31.5985012
Cooper,-95.84082079999999,36.1362064
McDonald,-95.61945589999999,37.0332889
Platte,-98.1515804,40.9812543
Ralls,-101.3844226,33.6787302
Hill,-76.999525,38.8860434
Eddy,-97.4586576,36.73169850000001
Rio Arriba,-106.7234639,36.6162892
Chautauqua,-79.4692286,42.207941
Bertie,-75.8390045,40.3600693
Caldwell,-74.2765366,40.8398218
Duplin,-78.0195387,34.8840095
Hertford,-77.0564464,36.3761772
Lenoir,-81.5389849,35.9140196
McDowell,-122.620327,38.247111
Foster,-71.7581249,41.8537098
Pickaway,-82.99316069999999,39.687828
Seneca,-94.61105739999999,36.8414565
Carter,-95.8809807,36.0600146
Creek,-95.712891,37.09024
Osage,-96.05923279999999,36.700446
Lycoming,-76.9992886,41.2442229
Newport,-71.3128285,41.4901024
Providence,-71.4128343,41.8239891
Williamsburg,-73.9570696,40.7081156
Meade,-100.3401456,37.2855796
Hawkins,-95.20411349999999,32.58847350000001
Atascosa,-98.5721016,28.8661281
Austin,-97.7430608,30.267153
Blanco,-98.4214095,30.0979862
Burnet,-98.2283585,30.75823759999999
Coryell,-97.87216,31.4774358
Eastland,-98.81756229999999,32.4015198
Erath,-92.0359562,29.9582611
Gaines,-83.9141254,42.8725303
Grimes,-93.7925199,41.6883646
Guadalupe,-61.55099999999999,16.265
Hale,-96.0549896,37.23477930000001
Hopkins,-93.4044187,44.9260794
Hunt,-95.68319699999999,37.184262
Kaufman,-96.3088693,32.5890238
Llano,-98.67503789999999,30.75934519999999
Maverick,-95.9751682,36.246676
Milam,-98.5418041,33.8621785
San Patricio,-97.77194190000002,27.9544619
Terry,-85.073968,32.509711
Tom Green,-97.733807,30.2944709
Wharton,-96.1027371,29.3116366
Lamoille,-115.4784204,40.7279868
Fairfax city,-77.30637329999999,38.84622359999999
Fredericksburg city,-77.4605399,38.3031837
Manassas city,-77.47526669999999,38.7509488
Mathews,-90.82403049999999,43.9321033
Nottoway,-91.1671044,30.1854768
Roanoke,-79.9414266,37.2709704
Shenandoah,-78.6795836,38.29275579999999
Ferry,-88.0154761,30.231965
Okanogan,-119.5833869,48.361262
Raleigh,-78.6381787,35.7795897
Iowa,-93.097702,41.8780025
Juneau,-134.4197221,58.301944399999996
Bullock,-97.7387272,30.2802637
Coosa,-86.19250269999999,33.5422736
Crenshaw,-118.3403506,34.0181993
Marengo,-88.6084269,42.2486332
La Paz,-68.11929359999999,-16.489689
Mohave,-113.7632828,35.2143346
Chicot,-92.2877613,30.78974
Lonoke,-91.8998611,34.7839795
Kit Carson,-102.7923684,38.7670013
Rio Grande,-106.720697,35.083367
Haralson,-85.1900684,33.8021715
McDuffie,-82.5185837,33.5258626
Toombs,-94.62820599999999,38.978973
Tazewell,-81.5195548,37.11483740000001
Fountain,-87.6189483,41.8757944
Posey,-118.0088187,34.1039577
Appanoose,-92.8577105,40.6806102
Des Moines,-93.6249593,41.5868353
Mahaska,-92.6983868,41.32958800000001
Monona,-89.3335334,43.0623172
Page,-111.4558333,36.91472220000001
East Feliciana,-91.02032240000001,30.8458948
Pointe Coupee,-91.5983959,30.6102166
Vermilion,-82.36460679999999,41.4219889
Gogebic,-89.92147399999999,46.4392785
Ionia,-85.07111739999999,42.9872547
Mecosta,-85.2264232,43.6203054
Missaukee,-85.02334599999999,44.366621
Oceana,-73.9823074,40.7597641
Ogemaw,-84.1857115,44.3270741
Shiawassee,-84.1857115,42.949754
Kandiyohi,-95.0155836,45.11445519999999
Sibley,-79.8830217,43.25831669999999
Wilkin,-96.5018468,46.4087398
Quitman,-95.4510641,32.7959605
Yalobusha,-89.6759101,33.9768292
Bollinger,-90.4924695,29.6148976
Stoddard,-84.20269300000001,39.7668339
Meagher,-93.2728372,44.9775042
Toole,-111.6408212,48.6974247
Kearney,-99.0816784,40.69933030000001
McIntosh,-75.8750585,42.1001384
Athens,23.7275388,37.9838096
Muskingum,-81.73904619999999,40.0002942
Wyandot,-94.62927909999999,39.1142423
Comanche,-98.60365809999999,31.8973693
Craig,-95.9412054,36.7523462
Okmulgee,-95.9515399,35.6266957
Sequoyah,-95.5622252,36.3728917
Tillamook,-123.8440137,45.4562158
Wasco,-119.3409457,35.5941238
Blair,-79.1494024,41.8456311
Indiana,-86.1349019,40.2671941
Susquehanna,-75.9800824,41.2122261
Cannon,-95.8503727,36.0345775
Meigs,-86.7606541,36.1763401
Unicoi,-83.72583139999999,34.720286
Angelina,-96.893959,33.077816
Cooke,-73.9821195,40.7193988
Karnes,-97.8946404,28.8947908
Nacogdoches,-94.6554874,31.6035129
Rockwall,-96.4597089,32.93123360000001
Val Verde,-117.2467456,33.8368701
Amelia,-95.99259959999999,36.1583455
Fauquier,-77.79097759999999,38.7208787
Hampton city,-76.34522179999999,37.0298687
King George,-77.18078419999999,38.2664512
Lynchburg city,-79.1425869,37.4140524
Pittsylvania,-79.4703885,36.7440186
Poquoson city,-76.3457773,37.1223664
Prince George,-76.8720961,38.78492110000001
Radford city,-80.5764477,37.13179239999999
Southampton,-72.56780119999999,40.8598637
Vilas,-89.45591619999999,45.9787939
Hot Springs,-93.0551795,34.5037004
Covington,-83.8601827,33.5967815
Baxter,-120.781578,39.215096
Colusa,-122.0094175,39.2143343
Kings,-97.2859874,37.6651319
Alamosa,-105.8700214,37.4694491
Costilla,-84.30916669999999,33.8586111
Levy,-82.82097399999999,29.3178545
Suwannee,-82.99316069999999,30.24850959999999
Chattahoochee,-84.99574109999999,32.5152844
Habersham,-83.54965659999999,34.6478893
Hart,-82.40986509999999,27.9699732
Upson,-84.3121264,32.9047684
Gem,-73.9921629,40.7191175
Bureau,-95.960608,36.151468
Iroquois,-78.6050259,42.8361706
Huntington,-84.6733991,45.02715449999999
Kosciusko,-89.58757639999999,33.0576295
LaGrange,-85.0322444,33.0362218
Whitley,-80.6147391,35.4807436
Dickinson,-102.7896242,46.8791756
Coffey,-94.00522769999999,40.1066705
Gove,-100.4877663,38.9590176
Harvey,-94.585314,39.084729
McPherson,-97.66420869999999,38.3708415
Bullitt,-118.235463,34.042181
Larue,-93.9460319,36.3417401
West Feliciana,-91.4048249,30.8423123
Gratiot,-84.68974949999999,43.2836505
Beltrami,-94.82892389999999,48.0370038
Faribault,-93.268827,44.2949636
Mahnomen,-95.9655384,47.31727490000001
Kemper,-87.62151229999999,41.8852827
Neshoba,-89.1705998,32.8057157
Sharkey,-97.5465897,35.3611757
Atchison,-95.12163559999999,39.5630521
Chariton,-93.31409850000001,41.0199996
Pettis,-77.7504019,43.255494
Ray,-95.261483,37.328832
Texas,-99.9018131,31.9685988
Valencia,-81.46357669999999,28.5217922
Person,-73.55208200000001,41.0366095
Surry,-76.8352384,37.1379265
Latimer,-85.8002142,38.3298307
Pittsburg,-121.8846806,38.0279762
Morrow,-84.33936829999999,33.5831662
Northumberland,-2.0784138,55.2082542
Aurora,-88.32007150000001,41.7605849
Faulk,-97.47687859999999,25.9054733
Todd,-95.0532978,36.6667456
Hood,-121.5168382,38.36788019999999
Montague,-86.357013,43.4166772
Navarro,-95.8695385,36.1196413
Randall,-98.04476869999999,39.642508
Starr,-98.7481167,26.6215167
Uvalde,-99.7861679,29.20968359999999
Willacy,-97.69822719999999,26.4948223
Yoakum,-97.15193099999999,29.2877469
Young,-96.00060099999999,36.153005
Uintah,-109.3783206,40.1069499
Bristol city,-72.94651619999999,41.6734297
Galax city,-80.9239671,36.6612387
Roanoke city,-79.9449983,37.2710326
Skamania,-121.8962257,45.9428524
Greenbrier,-80.30795979999999,37.7860374
Pleasants,-77.6202325,37.5988374
Marinette,-87.6306623,45.0999849
Waupaca,-89.0859464,44.3580348
Goshen,-85.8344383,41.5822716
Washakie,-112.2171823,41.9440909
Gila,-111.4004291,33.0416553
Glenn,-122.0138651,39.5218283
Baca,-102.5298028,37.394731
Moffat,-105.9100156,37.9988882
Hendry,-122.343578,38.3211569
Bulloch,-81.77870209999999,32.3595678
Jenkins,-93.6860286,36.778673
Murray,-111.8879909,40.6668916
Wheeler,-94.5506367,39.12018380000001
Bonneville,-113.8352043,40.7787454
Switzerland,8.227511999999999,46.818188
Vermillion,-93.0451823,44.8341682
Wabash,-85.8205411,40.797821
Keokuk,-91.3963966,40.4044731
Boyle,-94.53151899999999,37.056168
Bracken,-98.3211244,29.6099493
Breckinridge,-106.0383518,39.4816537
Nicholas,-95.26461560000001,37.32108849999999
East Carroll,-91.2506002,32.7570923
Clearwater,-82.8001026,27.9658533
Gosper,-99.8124935,40.4604851
Cattaraugus,-78.86809029999999,42.32922870000001
Schuyler,-97.0597019,41.4483432
Edgecombe,-77.7934801,35.941055
Perquimans,-76.4100267,36.1329763
Barnes,-95.9179508,36.10574830000001
Divide,-105.1576396,38.9422556
Mountrail,-102.326433,48.2169859
Auglaize,-84.3542049,40.5781556
Van Wert,-84.58412229999999,40.8694927
Le Flore,-94.9818513,34.8984359
Nowata,-95.6457951,36.7344388
Clarion,-79.3853218,41.2147851
Huntingdon,-78.0102813,40.48479589999999
McKean,-80.1433144,41.9968852
Snyder,-94.549814,39.1064181
Deuel,-96.663812,44.7311414
Hamlin,-77.9540785,43.36002140000001
Hutchinson,-97.92977429999999,38.0608445
Yankton,-97.39728129999999,42.87110879999999
Bledsoe,-94.3791936,38.935635
Hardeman,4.929836,52.3361183
Trousdale,-118.395863,34.1041122
Andrews,-95.7017211,37.2251014
Burleson,-97.3208492,32.5420821
Lamb,-73.984641,40.756511
Lynn,-70.9494938,42.46676300000001
Hopewell city,-77.28720009999999,37.3043154
New Kent,-76.964306,37.4653757
Powhatan,-77.91882389999999,37.5415273
Converse,-97.0545496,32.6786512
Sublette,-100.8437736,37.4816911
Arkansas,-91.8318334,35.20105
Ashley,-95.84361109999999,36.29
Tuolumne,-119.9740534,38.029655
Mineral,-95.5684983,37.04373229999999
Montezuma,-77.6554819,39.9161538
Glades,-94.5192469,37.0286548
Wakulla,-84.3542049,30.1301689
Bacon,-122.5764444,38.1089722
Brooks,-95.60275759999999,37.3847835
Candler,-82.69273629999999,35.5360973
Owyhee,-117.1650132,43.7368891
Bond,-95.61636639999999,37.0373074
Menard,-97.23022499999999,37.743853
Finney,-100.8903099,38.0625252
Boyd,-97.56530269999999,33.0787326
Red River,-96.33890629999999,33.6880496
Sabine,-93.5003454,31.4893252
Cheboygan,-84.4744795,45.64695630000001
Cottonwood,-112.0098791,34.7391876
Isanti,-93.24760909999999,45.4894008
Otter Tail,-96.623295,46.2908078
Deer Lodge,-112.7383721,46.3990941
Scotts Bluff,-103.6362715,41.8140936
Alleghany,-80.2403456,37.7473446
Bladen,-78.5660852,34.5882404
Caswell,-77.01609359999999,43.0597305
Columbus,-82.99879419999999,39.9611755
Currituck,-75.94632399999999,36.4189826
Pamlico,-76.6874701,35.1337865
Yadkin,-80.6770787,36.2023597
Rogers,-94.1593785,36.3340116
Mifflin,-77.4027674,40.5695217
Venango,-79.8296743,41.3896611
Fall River,-71.1550451,41.7014912
Roberts,-95.4866114,37.0523395
Haywood,-82.33202949999999,34.8499469
McNairy,-88.58328759999999,35.1633013
Obion,-89.19173529999999,36.2589567
Ector,-102.5298028,31.8246483
Kleberg,-96.60069759999999,32.6847251
San Jacinto,-116.958635,33.7839084
Swisher,-93.70496,38.768313
Waller,-95.9268986,30.0566085
Greensville,-77.6077865,36.60568860000001
Manassas Park city,-77.4697111,38.7840035
Winchester city,-78.164382,39.18410799999999
Wythe,-73.9581,40.7218694
Cabell,-77.4536428,37.5477409
Wetzel,-84.839714,39.8317451
Wirt,-93.9599336,47.7305054
Greenlee,-89.09140769999999,42.2172927
St. Francis,-91.3877569,39.938948
Alpine,-112.00982,46.606474
Archuleta,-104.8034212,39.7939482
Phillips,-95.7113442,37.2080424
Appling,-82.3163154,33.54609000000001
Banks,-95.712891,37.09024
Bleckley,-83.3789389,32.4087854
Dade,-80.1909637,25.7889987
Dooly,-83.804868,32.1593447
Gilmer,-94.94243790000002,32.7287472
Jeff Davis,-82.605118,31.8234851
Schley,-84.3121264,32.2736136
Bonner,-116.5931483,48.2751783
Jerome,-112.1137716,34.7489107
Minidoka,-114.2512011,42.6779139
Audubon,-69.4206829,43.984269
Guthrie,-97.42531849999999,35.878937
Antrim,-6.2072498,54.7195338
Houghton,-78.1572319,42.4233981
Itasca,-88.0072909,41.9750287
Meeker,-107.9131299,40.03747329999999
Watonwan,-94.479976,43.9323091
Alcorn,-91.13729239999999,31.8742035
Maries,-95.92457569999999,36.1476191
Reynolds,-95.90596239999999,36.13520219999999
Antelope,-96.9739075,38.4361259
Torrance,-118.3406288,33.8358492
Alexander,-89.55890889999999,40.7143522
Grand Forks,-97.0328547,47.9252568
Oliver,-96.0073474,36.137385
Preble,-87.97013930000001,44.4974789
Ross,-95.94881490000002,36.7407572
Beckham,-78.90474069999999,37.4912541
Cotton,-95.8588688,36.9709103
Love,-95.6286636,36.7194645
Barnwell,-81.3587177,33.2448733
Fentress,-97.7772547,29.7554805
Giles,-80.6770787,37.3132885
Aransas,-96.9638624,28.0761262
Jim Wells,-98.04651849999999,27.7841718
Wise,-118.4927024,34.0147011
King William,-77.01368389999999,37.6871635
Petersburg city,-77.40192669999999,37.2279279
Smyth,-87.6605593,41.8849722
Door,-95.7075421,37.2231438
